ts,strategy,coin,action,direction,entry_price
2026-05-31T20:58:32.456050+00:00,CANDLE_HAMMER_LONG,TRADOOR,OPEN,1,0.4578
2026-05-31T20:58:32.652943+00:00,CANDLE_MARUBOZU_LONG,M,OPEN,1,2.9906
2026-05-31T20:58:32.654866+00:00,WICKS_LONG_LOWER,UB,OPEN,1,0.19643
2026-05-31T20:58:32.656287+00:00,WICKS_LONG_LOWER,TRADOOR,OPEN,1,0.4578
2026-05-31T20:58:32.953670+00:00,WICKS_SHORT_UPPER,PIPPIN,OPEN,-1,0.0189
2026-05-31T20:58:32.955314+00:00,WICKS_SHORT_UPPER,BASED,OPEN,-1,0.07055
2026-05-31T20:58:32.956619+00:00,WICKS_SHORT_UPPER,GUN,OPEN,-1,0.00809
2026-05-31T20:58:33.852169+00:00,VOL_SPIKE_FADE,TRIA,OPEN,-1,0.03771
2026-05-31T20:58:33.956455+00:00,VWAP_REVERT,DYDX,OPEN,-1,0.1862
2026-05-31T20:58:34.353271+00:00,VWAP_REVERT,1000SATS,OPEN,-1,1.142e-05
2026-05-31T20:58:34.355181+00:00,VWAP_REVERT,Q,OPEN,-1,0.019805
2026-05-31T20:58:34.754818+00:00,VWAP_REVERT,M,OPEN,1,2.9906
2026-05-31T20:58:34.852907+00:00,VWAP_REVERT,UB,OPEN,-1,0.19643
2026-05-31T20:58:35.256486+00:00,BB_PURE_REVERT,GTC,OPEN,-1,0.09409
2026-05-31T20:58:36.252018+00:00,BB_PURE_REVERT,CELO,OPEN,-1,0.07591
2026-05-31T20:58:36.253487+00:00,BB_PURE_REVERT,DYDX,OPEN,-1,0.1862
2026-05-31T20:58:36.254454+00:00,BB_PURE_REVERT,1000SATS,OPEN,-1,1.142e-05
2026-05-31T20:58:36.255346+00:00,BB_PURE_REVERT,ALICE,OPEN,-1,0.1233
2026-05-31T20:58:36.256204+00:00,BB_PURE_REVERT,C98,OPEN,-1,0.01932
2026-05-31T20:58:36.352936+00:00,BB_PURE_REVERT,OGN,OPEN,-1,0.0214
2026-05-31T20:58:36.354886+00:00,MA_CROSS_TREND,MBOX,OPEN,1,0.0117
2026-05-31T20:58:36.553209+00:00,MEAN_REVERT_BB_RSI,TRIA,OPEN,-1,0.03771
2026-05-31T20:58:36.654727+00:00,CANDLE_HAMMER_SHORT,PIPPIN,OPEN,-1,0.0189
2026-05-31T20:58:36.655781+00:00,CANDLE_HAMMER_SHORT,BASED,OPEN,-1,0.07055
2026-05-31T20:58:36.751471+00:00,CANDLE_BEAR_MARUBOZU,POWER,OPEN,-1,0.07992
2026-05-31T20:58:37.854341+00:00,BB_WIDE,UB,OPEN,-1,0.19643
2026-05-31T20:58:37.856084+00:00,BB_LONG_WIN,Q,OPEN,-1,0.019805
2026-05-31T20:58:38.653064+00:00,ZSCORE_TIGHT,DYDX,OPEN,-1,0.1862
2026-05-31T20:58:38.654458+00:00,ZSCORE_TIGHT,Q,OPEN,-1,0.019805
2026-05-31T20:58:38.656103+00:00,VWAP_TIGHT,GTC,OPEN,-1,0.09409
2026-05-31T20:58:38.752307+00:00,VWAP_TIGHT,DYDX,OPEN,-1,0.1862
2026-05-31T20:58:38.753348+00:00,VWAP_TIGHT,CELO,OPEN,-1,0.07591
2026-05-31T20:58:38.754187+00:00,VWAP_TIGHT,1000SATS,OPEN,-1,1.142e-05
2026-05-31T20:58:38.755028+00:00,VWAP_TIGHT,ALICE,OPEN,-1,0.1233
2026-05-31T20:58:38.755946+00:00,VWAP_TIGHT,FOLKS,OPEN,-1,1.407
2026-05-31T20:58:38.853599+00:00,VWAP_TIGHT,龙虾,OPEN,-1,0.0064
2026-05-31T20:58:38.855049+00:00,VWAP_WIDE,UB,OPEN,-1,0.19643
2026-05-31T20:58:38.855953+00:00,VWAP_WIDE,BAS,OPEN,1,0.026928
2026-05-31T20:58:39.051978+00:00,VWAP_WIDE,Q,OPEN,-1,0.019805
2026-05-31T20:58:41.052295+00:00,STOCHASTIC_EXTREME,KAT,OPEN,-1,0.00721
2026-05-31T20:58:41.054092+00:00,STOCHASTIC_EXTREME,NAORIS,OPEN,-1,0.03426
2026-05-31T20:58:41.254485+00:00,WILLIAMS_R,TRIA,OPEN,-1,0.03771
2026-05-31T20:58:41.853106+00:00,WILLIAMS_R,KAT,OPEN,-1,0.00721
2026-05-31T20:58:41.854300+00:00,WILLIAMS_R,NAORIS,OPEN,-1,0.03426
2026-05-31T20:58:41.855576+00:00,CCI_EXTREME,BEAT,OPEN,1,1.1683
2026-05-31T20:58:42.351282+00:00,CCI_EXTREME,TRIA,OPEN,-1,0.03771
2026-05-31T20:58:42.551255+00:00,CCI_EXTREME,NAORIS,OPEN,-1,0.03426
2026-05-31T20:58:42.553730+00:00,HEIKIN_ASHI_TREND,BSB,OPEN,-1,0.34169
2026-05-31T20:58:42.555211+00:00,HEIKIN_ASHI_TREND,COLLECT,OPEN,-1,0.05641
2026-05-31T20:58:43.152024+00:00,KELTNER_BREAKOUT,STO,OPEN,1,0.06069
2026-06-01T06:43:50.649210+00:00,CANDLE_HAMMER_LONG,DEXE,OPEN,1,18.6
2026-06-01T06:43:51.349560+00:00,CANDLE_HAMMER_LONG,TA,OPEN,1,0.08244
2026-06-01T06:43:51.448984+00:00,WICKS_LONG_LOWER,UB,CLOSE,SL,0.19643,0.16557,1,-31.740862393728044,-15.710431196864022
2026-06-01T06:43:52.549614+00:00,WICKS_LONG_LOWER,币安人生,OPEN,1,0.65753,0.0,0.0,0,0.007738607050730868,586.0,577.0
2026-06-01T06:43:53.752103+00:00,WICKS_LONG_LOWER,AKE,OPEN,1,0.0003232,0.0,0.0,0,-0.6844056075531606,793979.0,4237663.0
2026-06-01T06:43:54.650232+00:00,WICKS_LONG_LOWER,DEXE,OPEN,1,18.6
2026-06-01T06:43:55.348990+00:00,WICKS_SHORT_UPPER,RESOLV,OPEN,-1,0.02205
2026-06-01T06:43:55.848928+00:00,WICKS_SHORT_UPPER,RIVER,OPEN,-1,6.412
2026-06-01T06:43:56.551031+00:00,VWAP_REVERT,CELO,OPEN,1,0.07438,0.0,0.0,0,-0.2618511150971891,7551.3,12908.8
2026-06-01T06:43:56.849794+00:00,VWAP_REVERT,ALICE,OPEN,1,0.1262
2026-06-01T06:43:57.152827+00:00,VWAP_REVERT,Q,CLOSE,TP,0.019805,0.019201,-1,5.779469830850799,3.0497349154253994
2026-06-01T06:43:57.649707+00:00,VWAP_REVERT,FOLKS,OPEN,-1,1.44
2026-06-01T06:43:57.952694+00:00,VWAP_REVERT,UB,CLOSE,TP,0.19643,0.16557,-1,31.100862393728043,15.710431196864022
2026-06-01T06:43:58.450948+00:00,BB_PURE_REVERT,CELO,CLOSE,TP,0.07591,0.07438,-1,5.566634172045857,2.0155447240152857
2026-06-01T06:43:58.849248+00:00,BB_PURE_REVERT,Q,OPEN,1,0.019201
2026-06-01T06:43:59.249019+00:00,ZSCORE_SLOW_REVERT,CELO,OPEN,1,0.07438
2026-06-01T06:43:59.250619+00:00,MA_CROSS_TREND,MBOX,CLOSE,TP,0.0117,0.01281,1,27.981538461538456,9.487179487179485
2026-06-01T06:44:00.151337+00:00,MTF_MOMENTUM,RIVER,OPEN,-1,6.412,0.0,0.0,0,-0.023932478205341785,878.9,922.0
2026-06-01T06:44:01.251179+00:00,CANDLE_THREE_CROWS_SHORT,RESOLV,OPEN,-1,0.02205
2026-06-01T06:44:02.549190+00:00,CANDLE_HAMMER_SHORT,ENSO,OPEN,-1,0.7006
2026-06-01T06:44:03.752432+00:00,RSI_LOOSE,KAT,OPEN,1,0.00713
2026-06-01T06:44:04.651922+00:00,BB_TIGHT,Q,OPEN,1,0.019201
2026-06-01T06:44:05.352185+00:00,BB_WIDE,CELO,OPEN,1,0.07438
2026-06-01T06:44:05.449156+00:00,BB_WIDE,UB,CLOSE,TP,0.19643,0.16557,-1,31.100862393728043,15.710431196864022
2026-06-01T06:44:07.349044+00:00,BB_LONG_WIN,CELO,OPEN,1,0.07438,0.0,0.0,0,-0.2568516023199954,6342.4,10726.6
2026-06-01T06:44:07.350879+00:00,BB_LONG_WIN,Q,CLOSE,TP,0.019805,0.019201,-1,5.779469830850799,3.0497349154253994
2026-06-01T06:44:07.750379+00:00,BB_LONG_WIN,BSB,OPEN,1,0.30387
2026-06-01T06:44:08.050405+00:00,ZSCORE_TIGHT,CELO,OPEN,1,0.07438
2026-06-01T06:44:08.149755+00:00,ZSCORE_TIGHT,DYDX,CLOSE,TP,0.1862,0.1845,-1,1.1294951664876534,0.9129967776584356
2026-06-01T06:44:08.754081+00:00,ZSCORE_TIGHT,Q,CLOSE,TP,0.019805,0.019201,-1,4.3346023731380985,3.0497349154253994
2026-06-01T06:44:09.349707+00:00,ZSCORE_TIGHT,XNY,OPEN,-1,0.007175
2026-06-01T06:44:09.952928+00:00,DONCHIAN_SHORT_WIN,ARIA,OPEN,-1,0.043
2026-06-01T06:44:10.450877+00:00,VWAP_TIGHT,DYDX,CLOSE,TP,0.1862,0.1845,-1,1.1294951664876534,0.9129967776584356
2026-06-01T06:44:10.453242+00:00,VWAP_TIGHT,CELO,CLOSE,TP,0.07591,0.07438,-1,2.7833170860229286,2.0155447240152857
2026-06-01T06:44:10.650763+00:00,VWAP_TIGHT,1000SATS,CLOSE,TP,1.142e-05,1.134e-05,-1,0.8107880910683134,0.7005253940455423
2026-06-01T06:44:11.449994+00:00,VWAP_TIGHT,Q,OPEN,1,0.019201
2026-06-01T06:44:12.351774+00:00,VWAP_TIGHT,AIOT,OPEN,1,0.05535,0.0,0.0,0,-0.2535802940614856,7818.0,13130.0
2026-06-01T06:44:12.951346+00:00,VWAP_TIGHT,M,OPEN,1,2.8898
2026-06-01T06:44:13.250726+00:00,VWAP_TIGHT,龙虾,CLOSE,SL,0.0064,0.006771,-1,-8.935312499999995,-5.7968749999999964
2026-06-01T06:44:14.949970+00:00,VWAP_WIDE,CELO,OPEN,1,0.07438,0.0,0.0,0,-0.20842254602724217,12163.3,18568.5
2026-06-01T06:44:15.349490+00:00,VWAP_WIDE,UB,CLOSE,TP,0.19643,0.16557,-1,23.325646795296034,15.710431196864022
2026-06-01T06:44:15.350883+00:00,VWAP_WIDE,Q,CLOSE,TP,0.019805,0.019201,-1,4.3346023731380985,3.0497349154253994
2026-06-01T06:44:16.452701+00:00,VWAP_WIDE,M,OPEN,1,2.8898
2026-06-01T06:44:17.249264+00:00,VWAP_WIDE,FOLKS,OPEN,-1,1.44
2026-06-01T06:44:18.249320+00:00,STOCHASTIC_EXTREME,BEAT,OPEN,1,1.1471
2026-06-01T06:44:18.552001+00:00,STOCHASTIC_EXTREME,TAG,OPEN,1,0.0012064
2026-06-01T06:44:19.852226+00:00,STOCHASTIC_EXTREME,TRIA,OPEN,1,0.03751,0.0,0.0,0,0.15767284991568298,17849.0,12987.0
2026-06-01T06:44:21.250086+00:00,WILLIAMS_R,DEXE,OPEN,1,18.6,0.0,0.0,0,-0.2809110629067245,6.63,11.81
2026-06-01T06:44:21.549448+00:00,WILLIAMS_R,TAG,OPEN,1,0.0012064
2026-06-01T06:44:21.849491+00:00,WILLIAMS_R,Q,OPEN,1,0.019201
2026-06-01T06:44:22.149887+00:00,CCI_EXTREME,DEXE,OPEN,1,18.6
2026-06-01T06:44:22.449262+00:00,CCI_EXTREME,TAG,OPEN,1,0.0012064
2026-06-01T06:44:23.149886+00:00,CCI_EXTREME,UB,OPEN,-1,0.16557,0.0,0.0,0,0.030287474332648872,2007.0,1889.0
2026-06-01T06:44:24.751958+00:00,CCI_EXTREME,KAT,OPEN,1,0.00713
2026-06-01T06:44:24.852822+00:00,HEIKIN_ASHI_TREND,BSB,CLOSE,TP,0.34169,0.30387,-1,21.817024788551038,11.068512394275519
2026-06-01T06:44:25.752415+00:00,HEIKIN_ASHI_TREND,AIOT,OPEN,-1,0.05535,0.0,0.0,0,0.4503996854933823,11068.0,4194.0
2026-06-01T06:44:26.750777+00:00,HEIKIN_ASHI_TREND,APR,OPEN,-1,0.17071
2026-06-01T06:44:27.748821+00:00,HEIKIN_ASHI_TREND,BOME,OPEN,-1,0.0005023,0.0,0.0,0,-0.16435435200929072,5254178.0,7320956.0
2026-06-01T18:21:17.752969+00:00,CANDLE_HAMMER_LONG,TA,CLOSE,TP,0.08244,0.09058,1,19.427695293546808,9.873847646773404
2026-06-01T18:21:18.149440+00:00,CANDLE_MARUBOZU_LONG,M,CLOSE,TP,2.9906,3.3056,1,20.746006821373633,10.533003410686817
2026-06-01T18:21:18.151487+00:00,WICKS_LONG_LOWER,AKE,CLOSE,TP,0.0003232,0.0003356,1,7.353267326732692,3.8366336633663463
2026-06-01T18:21:18.449552+00:00,WICKS_SHORT_UPPER,HIGH,OPEN,-1,0.1293
2026-06-01T18:21:18.450907+00:00,WICKS_SHORT_UPPER,GUN,CLOSE,TP,0.00809,0.00741,-1,16.49087762669963,8.405438813349814
2026-06-01T18:21:19.150383+00:00,VOL_SPIKE_FOLLOW,BSB,OPEN,-1,0.26936
2026-06-01T18:21:19.750584+00:00,VWAP_REVERT,GTC,OPEN,1,0.09671,0.0,0.0,0,-0.5454820079964461,1278.8999999999999,4348.599999999999
2026-06-01T18:21:20.150516+00:00,VWAP_REVERT,DYDX,CLOSE,TP,0.1862,0.1797,-1,6.661740064446836,3.4908700322234183
2026-06-01T18:21:20.151947+00:00,VWAP_REVERT,CELO,CLOSE,TP,0.07438,0.07582,1,3.552008604463557,1.9360043022317783
2026-06-01T18:21:20.449654+00:00,VWAP_REVERT,BAS,OPEN,1,0.023892
2026-06-01T18:21:20.451279+00:00,VWAP_REVERT,M,CLOSE,TP,2.9906,3.3056,1,20.746006821373633,10.533003410686817
2026-06-01T18:21:20.452495+00:00,VWAP_REVERT,FOLKS,CLOSE,TP,1.44,1.379,-1,8.152222222222214,4.236111111111107
2026-06-01T18:21:20.849697+00:00,VWAP_REVERT,UB,OPEN,-1,0.17741
2026-06-01T18:21:21.649996+00:00,RSI_EXTREME,KGEN,OPEN,-1,0.18272,0.0,0.0,0,0.3565819861431871,2937.0,1393.0
2026-06-01T18:21:22.449495+00:00,RSI_EXTREME,EDU,OPEN,-1,0.04505
2026-06-01T18:21:23.249562+00:00,BB_PURE_REVERT,CELO,OPEN,-1,0.07582
2026-06-01T18:21:23.251255+00:00,BB_PURE_REVERT,DYDX,CLOSE,TP,0.1862,0.1797,-1,9.992610096670255,3.4908700322234183
2026-06-01T18:21:23.649738+00:00,BB_PURE_REVERT,BAS,OPEN,1,0.023892
2026-06-01T18:21:24.249786+00:00,BB_PURE_REVERT,COLLECT,OPEN,1,0.05726,0.0,0.0,0,-0.7918854415274463,1962.0,16893.0
2026-06-01T18:21:24.251819+00:00,BB_PURE_REVERT,Q,CLOSE,TP,0.019201,0.019608,1,5.87904379980211,2.1196812666007037
2026-06-01T18:21:24.253356+00:00,ZSCORE_SLOW_REVERT,CELO,CLOSE,TP,0.07438,0.07582,1,3.552008604463557,1.9360043022317783
2026-06-01T18:21:24.850467+00:00,ZSCORE_SLOW_REVERT,BAS,OPEN,1,0.023892
2026-06-01T18:21:25.849495+00:00,ZSCORE_SLOW_REVERT,XPIN,OPEN,-1,0.00127,0.0,0.0,0,0.3320565146131014,5844354.0,2930580.0
2026-06-01T18:21:26.849662+00:00,ATR_BREAKOUT_FOLLOW,BSB,OPEN,-1,0.26936,0.0,0.0,0,0.26943308007013445,1086.0,625.0
2026-06-01T18:21:27.249770+00:00,DONCHIAN_BREAKOUT,BSB,OPEN,-1,0.26936
2026-06-01T18:21:28.250024+00:00,MEAN_REVERT_BB_RSI,KGEN,OPEN,-1,0.18272,0.0,0.0,0,0.014043583535108959,2094.0,2036.0
2026-06-01T18:21:28.849709+00:00,MEAN_REVERT_BB_RSI,EDU,OPEN,-1,0.04505
2026-06-01T18:21:29.349636+00:00,MTF_MOMENTUM,AIOT,OPEN,1,0.06213
2026-06-01T18:21:29.952261+00:00,MTF_MOMENTUM,BSB,OPEN,-1,0.26936,0.0,0.0,0,0.8680989258056457,3739.0,264.0
2026-06-01T18:21:30.148864+00:00,CANDLE_BEAR_MARUBOZU,POWER,CLOSE,SL,0.07992,0.08538,-1,-10.487747747747733,-6.831831831831822
2026-06-01T18:21:31.049520+00:00,RSI_LOOSE,BAS,OPEN,1,0.023892
2026-06-01T18:21:31.149642+00:00,BB_TIGHT,Q,CLOSE,TP,0.019201,0.019608,1,3.9193625332014075,2.1196812666007037
2026-06-01T18:21:31.850154+00:00,BB_LONG_WIN,BAS,OPEN,1,0.023892
2026-06-01T18:21:31.853445+00:00,BB_LONG_WIN,BSB,CLOSE,SL,0.30387,0.26936,1,-23.033660446901628,-11.356830223450814
2026-06-01T18:21:32.050549+00:00,ZSCORE_TIGHT,CELO,CLOSE,TP,0.07438,0.07582,1,2.6640064533476675,1.9360043022317783
2026-06-01T18:21:32.449466+00:00,ZSCORE_TIGHT,BAS,OPEN,1,0.023892
2026-06-01T18:21:32.451437+00:00,ZSCORE_TIGHT,XNY,CLOSE,TP,0.007175,0.006769,-1,8.247804878048782,5.658536585365855
2026-06-01T18:21:33.352529+00:00,DONCHIAN_SHORT_WIN,BSB,OPEN,-1,0.26936,0.0,0.0,0,0.5233785822021116,505.0,158.0
2026-06-01T18:21:33.354290+00:00,DONCHIAN_SHORT_WIN,ARIA,CLOSE,TP,0.043,0.04,-1,13.633488372093003,6.976744186046502
2026-06-01T18:21:34.049520+00:00,ATR_HIGH_MULT,BSB,OPEN,-1,0.26936
2026-06-01T18:21:34.751337+00:00,VWAP_TIGHT,CELO,OPEN,-1,0.07582,0.0,0.0,0,-0.7185437140026827,3210.6,19603.600000000002
2026-06-01T18:21:35.649975+00:00,VWAP_TIGHT,1000SATS,OPEN,-1,1.163e-05,0.0,0.0,0,-0.08077510370952996,1973049267.0,2319805017.0
2026-06-01T18:21:35.651633+00:00,VWAP_TIGHT,Q,CLOSE,TP,0.019201,0.019608,1,2.939521899901055,2.1196812666007037
2026-06-01T18:21:35.652764+00:00,VWAP_TIGHT,AIOT,CLOSE,TP,0.05535,0.06213,1,18.133983739837387,12.249322493224922
2026-06-01T18:21:35.653832+00:00,VWAP_TIGHT,M,CLOSE,TP,2.8898,3.3056,1,21.34280849885805,14.388538999238698
2026-06-01T18:21:35.851201+00:00,VWAP_TIGHT,FOLKS,CLOSE,TP,1.407,1.379,-1,2.745074626865674,1.9900497512437827
2026-06-01T18:21:36.649654+00:00,VWAP_TIGHT,龙虾,OPEN,1,0.006705
2026-06-01T18:21:37.449942+00:00,VWAP_WIDE,DYDX,OPEN,1,0.1797,0.0,0.0,0,-0.02695085203235004,149557.8,157842.5
2026-06-01T18:21:38.349948+00:00,VWAP_WIDE,AIOT,OPEN,-1,0.06213,0.0,0.0,0,0.07749018350829394,6723.0,5756.0
2026-06-01T18:21:38.551629+00:00,VWAP_WIDE,BAS,CLOSE,SL,0.026928,0.023892,1,-17.151764705882353,-11.27450980392157
2026-06-01T18:21:38.553131+00:00,VWAP_WIDE,M,CLOSE,TP,2.8898,3.3056,1,21.34280849885805,14.388538999238698
2026-06-01T18:21:38.649432+00:00,VWAP_WIDE,FOLKS,CLOSE,TP,1.44,1.379,-1,6.1141666666666605,4.236111111111107
2026-06-01T18:21:39.749579+00:00,STOCHASTIC_EXTREME,BAS,OPEN,1,0.023892
2026-06-01T18:21:40.349949+00:00,STOCHASTIC_EXTREME,DEXE,OPEN,-1,18.619,0.0,0.0,0,0.6626272418807562,17.15,3.48
2026-06-01T18:21:41.049554+00:00,WILLIAMS_R,BAS,OPEN,1,0.023892
2026-06-01T18:21:41.653011+00:00,WILLIAMS_R,BEAT,OPEN,-1,1.1264,0.0,0.0,0,-0.22820763956904996,394.0,627.0
2026-06-01T18:21:42.049253+00:00,WILLIAMS_R,Q,CLOSE,TP,0.019201,0.019608,1,3.9193625332014075,2.1196812666007037
2026-06-01T18:21:42.950251+00:00,CCI_EXTREME,BAS,OPEN,1,0.023892,0.0,0.0,0,-0.8620759153510246,2053.0,27717.0
2026-06-01T18:21:42.951943+00:00,CCI_EXTREME,UB,CLOSE,SL,0.16557,0.17741,-1,-14.622107869783196,-7.151053934891598
2026-06-01T18:21:43.449867+00:00,HEIKIN_ASHI_TREND,BAS,OPEN,-1,0.023892
2026-06-01T18:21:44.049734+00:00,HEIKIN_ASHI_TREND,BSB,OPEN,-1,0.26936,0.0,0.0,0,0.14146341463414633,234.0,176.0
2026-06-01T18:21:44.051470+00:00,HEIKIN_ASHI_TREND,AIOT,CLOSE,SL,0.05535,0.06213,-1,-24.818644986449844,-12.249322493224922
2026-06-01T18:21:44.052645+00:00,HEIKIN_ASHI_TREND,APR,CLOSE,SL,0.17071,0.17633,-1,-6.904265713783594,-3.2921328568917967
2026-06-01T18:21:44.849669+00:00,HEIKIN_ASHI_TREND,币安人生,OPEN,-1,0.63712,0.0,0.0,0,0.5512920908379013,1981.0,573.0
2026-06-01T18:21:46.052211+00:00,KELTNER_BREAKOUT,BSB,OPEN,-1,0.26936,0.0,0.0,0,-0.20944558521560575,385.0,589.0
