ts,coin,action,direction,entry_price,sl,tp
2026-06-01T06:38:35.151578+00:00,IRYS,OPEN,-1,0.02238,0.022725000000000002,0.02146
2026-06-02T06:16:22.691586+00:00,IRYS,CLOSE,SL,0.02238,0.02307,-1,-8.10777479892761,-3.0831099195710436
2026-06-07T20:54:38.900687+00:00,BROCCOLIF3B,OPEN,1,0.005446,0.0049820714285714295,0.006683142857142856
2026-06-10T08:07:03.467634+00:00,ESPORTS,OPEN,1,0.10012,0.08422857142857143,0.14249714285714288
2026-06-10T08:22:05.864721+00:00,ESPORTS,CLOSE,SL,0.10012,0.09838,1,-4.744786256492223,-1.7379145025968892
2026-06-10T11:08:29.533339+00:00,NAORIS,OPEN,-1,0.03018,0.03083357142857143,0.028437142857142852
2026-06-10T11:28:18.230056+00:00,DOGS,OPEN,-1,3.847e-05,3.922214285714286e-05,3.6464285714285715e-05
2026-06-10T11:28:27.728623+00:00,TON,OPEN,-1,1.6388,1.6662285714285714,1.5656571428571429
2026-06-10T11:59:12.427486+00:00,JTO,OPEN,-1,0.5698,0.5877142857142857,0.5220285714285713
